{"schemaVersion":"1.0","appDefinitionTemplate":{"id":"/providers/Microsoft.PowerApps/apps/","type":"Microsoft.PowerApps/apps","tags":{"primaryDeviceWidth":"1366","primaryDeviceHeight":"768","supportsPortrait":"true","supportsLandscape":"true","primaryFormFactor":"Tablet","showStatusBar":"false","publisherVersion":"3.24041.27","minimumRequiredApiVersion":"2.2.0","hasComponent":"true","hasUnlockedComponent":"true","isUnifiedRootApp":"false","offlineLargeFilesSupport":"false","sienaVersion":"20240418T124815Z-3.24041.27.0"},"properties":{"appVersion":"2024-04-18T12:48:15Z","lifeCycleId":"Published","createdByClientVersion":{"major":3,"minor":24041,"build":27,"revision":0,"majorRevision":0,"minorRevision":0},"minClientVersion":{"major":3,"minor":24041,"build":27,"revision":0,"majorRevision":0,"minorRevision":0},"backgroundColor":"RGBA(0,176,240,1)","backgroundImageUri":"/9118943359613463560/N6985358a-cbb9-4fa6-8316-ce96aa6e1a10-logoSmallFile","displayName":"PowerGymGirlsTablet","description":"","commitMessage":"","appUris":{"documentUri":{"value":"/9118943359613463560/N35d3fd14-b7b6-4bd9-87db-98b3a22496a9-document.msapp"},"imageUris":[],"additionalUris":[{"isSolutionAware":false,"value":"/9118943359613463560/N6a48876e-3290-4a53-aee3-36433fd9f190-identity.json"}]},"createdTime":"0001-01-01T00:00:00Z","lastModifiedTime":"0001-01-01T00:00:00Z","sharedGroupsCount":0,"sharedUsersCount":0,"connectionReferences":{"9120e7d3-b61c-4035-b80b-ecd80a282193":{"id":"6d5b8161-2b8b-4151-93d8-c722e11257c7","displayName":"Office 365 Outlook","iconUri":"https://connectoricons-prod.azureedge.net/releases/v1.0.1677/1.0.1677.3637/office365/icon.png","dataSources":["Office365Outlook"],"dependencies":[],"dependents":[],"parameterHints":{},"parameterHintsV2":{},"isOnPremiseConnection":false,"bypassConsent":false,"dataSets":{},"apiTier":"Standard","isCustomApiConnection":false},"84e56307-abff-4a30-9a3c-f59e19be3287":{"id":"1290c99c-bbed-4030-b12a-f8ca4e280ef5","displayName":"Utilizadores do Office 365","iconUri":"https://connectoricons-prod.azureedge.net/releases/v1.0.1677/1.0.1677.3637/office365users/icon.png","dataSources":["UtilizadoresdoOffice365"],"dependencies":[],"dependents":[],"parameterHints":{},"parameterHintsV2":{},"isOnPremiseConnection":false,"bypassConsent":false,"dataSets":{},"apiTier":"Standard","isCustomApiConnection":false},"d5878e29-3bad-4bce-9024-90fbd0742ec9":{"id":"b41b01d6-6140-4ca9-be47-ed1aca8f004b","displayName":"Power Apps para Criadores","iconUri":"https://connectoricons-prod.azureedge.net/releases/v1.0.1684/1.0.1684.3697/powerappsforappmakers/icon.png","dataSources":["PowerAppsparaCriadores"],"dependencies":[],"dependents":[],"parameterHints":{},"parameterHintsV2":{},"isOnPremiseConnection":false,"bypassConsent":false,"dataSets":{},"apiTier":"Standard","isCustomApiConnection":false}},"authorizationReferences":[{"resourceId":"powerbi"}],"databaseReferences":{"default.cds":{"databaseDetails":{"referenceType":"Environmental","environmentName":"default.cds","overrideValues":{"status":"NotSpecified","environmentVariableName":""}},"dataSources":{"DadosUtilizadores":{"entitySetName":"crfe1_dadosutilizadors","logicalName":"crfe1_dadosutilizador","isHidden":false},"logmaintenances":{"entitySetName":"crfe1_newtables","logicalName":"crfe1_newtable","isHidden":false},"Versions":{"entitySetName":"crfe1_versionses","logicalName":"crfe1_versions","isHidden":false}},"actions":["providers/PowerPlatform.Governance/Operations/Read","providers/PowerPlatform.Governance/Operations/Write","providers/PowerPlatform.Governance/Operations/Delete"]}},"almMode":"Environment","performanceOptimizationEnabled":true,"canConsumeAppPass":true,"enableModernRuntimeMode":false,"executionRestrictions":{"isTeamsOnly":false,"dataLossPreventionEvaluationResult":{"status":"Compliant","lastEvaluationDate":"2024-03-13T12:18:28.3142618Z","violations":[],"violationsByPolicy":[],"violationErrorMessage":"A aplicação utiliza os seguintes conectores: shared_office365, shared_office365users."}}},"appType":"ClassicCanvasApp","appComponents":[]}}