{"schemaVersion":"1.0","appDefinitionTemplate":{"id":"/providers/Microsoft.PowerApps/apps/","type":"Microsoft.PowerApps/apps","tags":{"primaryDeviceWidth":"640","primaryDeviceHeight":"1136","sienaVersion":"20240410T132330Z-3.24034.17.0","deviceCapabilities":"","supportsPortrait":"true","supportsLandscape":"true","primaryFormFactor":"Phone","publisherVersion":"3.24034.17","minimumRequiredApiVersion":"2.2.0","hasComponent":"true","hasUnlockedComponent":"true","isUnifiedRootApp":"false","showStatusBar":"false","offlineLargeFilesSupport":"false","coauthoringEnabled":"false"},"properties":{"appVersion":"2024-04-10T13:23:30Z","lifeCycleId":"Published","createdByClientVersion":{"major":3,"minor":24034,"build":17,"revision":0,"majorRevision":0,"minorRevision":0},"minClientVersion":{"major":3,"minor":24034,"build":17,"revision":0,"majorRevision":0,"minorRevision":0},"backgroundColor":"RGBA(54,176,75,1)","backgroundImageUri":"/15145464794971353916/N1c043374-9232-40e1-8ebf-af484d3ff661-logoSmallFile","displayName":"AulasPowerApps","description":"","commitMessage":"","appUris":{"documentUri":{"value":"/15145464794971353916/Ncf537ea4-9cd1-4553-bb41-3e6782b67b55-document.msapp"},"imageUris":[],"additionalUris":[{"isSolutionAware":false,"value":"/15145464794971353916/Nc3108bf0-5441-4032-8298-1c439ab670c2-identity.json"}]},"createdTime":"0001-01-01T00:00:00Z","lastModifiedTime":"0001-01-01T00:00:00Z","sharedGroupsCount":0,"sharedUsersCount":0,"connectionReferences":{"84e56307-abff-4a30-9a3c-f59e19be3287":{"id":"1290c99c-bbed-4030-b12a-f8ca4e280ef5","displayName":"Utilizadores do Office 365","iconUri":"https://connectoricons-prod.azureedge.net/releases/v1.0.1677/1.0.1677.3637/office365users/icon.png","dataSources":["UtilizadoresdoOffice365"],"dependencies":[],"dependents":[],"parameterHints":{},"parameterHintsV2":{},"isOnPremiseConnection":false,"bypassConsent":false,"dataSets":{},"apiTier":"Standard","isCustomApiConnection":false},"9120e7d3-b61c-4035-b80b-ecd80a282193":{"id":"6d5b8161-2b8b-4151-93d8-c722e11257c7","displayName":"Office 365 Outlook","iconUri":"https://connectoricons-prod.azureedge.net/releases/v1.0.1677/1.0.1677.3637/office365/icon.png","dataSources":["Office365Outlook"],"dependencies":[],"dependents":[],"parameterHints":{},"parameterHintsV2":{},"isOnPremiseConnection":false,"bypassConsent":false,"dataSets":{},"apiTier":"Standard","isCustomApiConnection":false}},"databaseReferences":{"default.cds":{"databaseDetails":{"referenceType":"Environmental","environmentName":"default.cds","overrideValues":{"status":"NotSpecified","environmentVariableName":""}},"dataSources":{"UsersInfos":{"entitySetName":"crfe1_usersinfos","logicalName":"crfe1_usersinfo","isHidden":false},"DadosUtilizadores":{"entitySetName":"crfe1_dadosutilizadors","logicalName":"crfe1_dadosutilizador","isHidden":false},"Gym Maintenance Log":{"entitySetName":"crfe1_gymmaintenancelogs","logicalName":"crfe1_gymmaintenancelog","isHidden":false},"New tables":{"entitySetName":"crfe1_newtables","logicalName":"crfe1_newtable","isHidden":false},"RegistoInfos":{"entitySetName":"crfe1_registoinfos","logicalName":"crfe1_registoinfo","isHidden":false}},"actions":["providers/PowerPlatform.Governance/Operations/Read","providers/PowerPlatform.Governance/Operations/Write"]}},"almMode":"Environment","performanceOptimizationEnabled":true,"canConsumeAppPass":true,"enableModernRuntimeMode":false,"executionRestrictions":{"isTeamsOnly":false,"dataLossPreventionEvaluationResult":{"status":"Compliant","lastEvaluationDate":"2024-03-11T15:39:12.0833407Z","violations":[],"violationsByPolicy":[],"violationErrorMessage":"The app uses the following connectors: ."}}},"appType":"ClassicCanvasApp","appComponents":[]}}